resource_kind,object_name,from_version/config,to_version/config,transition_class,cost_class,median_ms,p95_ms,invalidation_targets,reuse_safe,sample_count,success_count,failure_count,timeout_count,measurement_environment_id,workload_origin,benchmark_id,from_object_id,to_object_id
package_manager,npm,10.9.8,10.9.8,exact_hit,TRANSITION,119.893739,139.4523428,,True,7,7,0,0,env:7a9cda66bc6b151a7886,real,PM-001,package_manager:npm:default:10.9.8:linux:x86_64,package_manager:npm:default:10.9.8:linux:x86_64
package_manager,pnpm,10.17.1,10.17.1,exact_hit,TRANSITION,349.785267,363.5753782,,True,7,7,0,0,env:7a9cda66bc6b151a7886,real,PM-002,package_manager:pnpm:default:10.17.1:linux:x86_64,package_manager:pnpm:default:10.17.1:linux:x86_64
package_manager,pnpm,10.27.0,10.27.0,exact_hit,TRANSITION,362.794696,374.1647544,,True,7,7,0,0,env:7a9cda66bc6b151a7886,real,PM-002,package_manager:pnpm:default:10.27.0:linux:x86_64,package_manager:pnpm:default:10.27.0:linux:x86_64
package_manager,pnpm,10.28.2,10.28.2,exact_hit,TRANSITION,355.050318,372.7597023,,True,7,7,0,0,env:7a9cda66bc6b151a7886,real,PM-002,package_manager:pnpm:default:10.28.2:linux:x86_64,package_manager:pnpm:default:10.28.2:linux:x86_64
package_manager,pnpm,10.34.5,10.34.5,exact_hit,TRANSITION,369.469086,477.19381039999996,,True,7,7,0,0,env:7a9cda66bc6b151a7886,real,PM-002,package_manager:pnpm:default:10.34.5:linux:x86_64,package_manager:pnpm:default:10.34.5:linux:x86_64
package_manager,pnpm,10.4.0,10.4.0,exact_hit,TRANSITION,352.981129,370.3465514,,True,7,7,0,0,env:7a9cda66bc6b151a7886,real,PM-002,package_manager:pnpm:default:10.4.0:linux:x86_64,package_manager:pnpm:default:10.4.0:linux:x86_64
package_manager,pnpm,11.24.0,11.24.0,exact_hit,TRANSITION,618.79219,664.9673506,,True,7,7,0,0,env:7a9cda66bc6b151a7886,real,PM-002,package_manager:pnpm:default:11.24.0:linux:x86_64,package_manager:pnpm:default:11.24.0:linux:x86_64
package_manager,pnpm,9.12.2,9.12.2,exact_hit,TRANSITION,524.667199,528.5669819,,True,7,7,0,0,env:7a9cda66bc6b151a7886,real,PM-002,package_manager:pnpm:default:9.12.2:linux:x86_64,package_manager:pnpm:default:9.12.2:linux:x86_64
package_manager,pnpm,9.15.0,9.15.0,exact_hit,TRANSITION,402.036191,492.81542049999996,,True,7,7,0,0,env:7a9cda66bc6b151a7886,real,PM-002,package_manager:pnpm:default:9.15.0:linux:x86_64,package_manager:pnpm:default:9.15.0:linux:x86_64
package_manager,pnpm,9.15.4,9.15.4,exact_hit,TRANSITION,353.254592,433.93884639999993,,True,7,7,0,0,env:7a9cda66bc6b151a7886,real,PM-002,package_manager:pnpm:default:9.15.4:linux:x86_64,package_manager:pnpm:default:9.15.4:linux:x86_64
package_manager,pnpm,9.15.5,9.15.5,exact_hit,TRANSITION,351.711394,361.539036,,True,7,7,0,0,env:7a9cda66bc6b151a7886,real,PM-002,package_manager:pnpm:default:9.15.5:linux:x86_64,package_manager:pnpm:default:9.15.5:linux:x86_64
package_manager,pnpm,9.4.0,9.4.0,exact_hit,TRANSITION,241.561584,259.1871162,,True,7,7,0,0,env:7a9cda66bc6b151a7886,real,PM-002,package_manager:pnpm:default:9.4.0:linux:x86_64,package_manager:pnpm:default:9.4.0:linux:x86_64
package_manager,yarn,1.22.21,1.22.21,exact_hit,TRANSITION,234.744893,243.2458298,,True,7,7,0,0,env:7a9cda66bc6b151a7886,real,PM-003,package_manager:yarn:classic:1.22.21:linux:x86_64,package_manager:yarn:classic:1.22.21:linux:x86_64
package_manager,yarn,1.22.22,1.22.22,exact_hit,TRANSITION,233.559284,250.8953192,,True,7,7,0,0,env:7a9cda66bc6b151a7886,real,PM-003,package_manager:yarn:classic:1.22.22:linux:x86_64,package_manager:yarn:classic:1.22.22:linux:x86_64
package_manager,yarn,3.2.3,3.2.3,exact_hit,TRANSITION,241.232308,251.8875812,,True,7,7,0,0,env:7a9cda66bc6b151a7886,real,PM-004,package_manager:yarn:berry:3.2.3:linux:x86_64,package_manager:yarn:berry:3.2.3:linux:x86_64
package_manager,yarn,3.8.7,3.8.7,exact_hit,TRANSITION,230.531346,251.0826382,,True,7,7,0,0,env:7a9cda66bc6b151a7886,real,PM-004,package_manager:yarn:berry:3.8.7:linux:x86_64,package_manager:yarn:berry:3.8.7:linux:x86_64
package_manager,yarn,4.0.2,4.0.2,exact_hit,TRANSITION,245.481947,330.56996029999993,,True,7,7,0,0,env:7a9cda66bc6b151a7886,real,PM-004,package_manager:yarn:berry:4.0.2:linux:x86_64,package_manager:yarn:berry:4.0.2:linux:x86_64
package_manager,yarn,4.10.3,4.10.3,exact_hit,TRANSITION,230.19502,242.8207821,,True,7,7,0,0,env:7a9cda66bc6b151a7886,real,PM-004,package_manager:yarn:berry:4.10.3:linux:x86_64,package_manager:yarn:berry:4.10.3:linux:x86_64
package_manager,yarn,4.12.0,4.12.0,exact_hit,TRANSITION,245.267672,251.7412736,,True,7,7,0,0,env:7a9cda66bc6b151a7886,real,PM-004,package_manager:yarn:berry:4.12.0:linux:x86_64,package_manager:yarn:berry:4.12.0:linux:x86_64
package_manager,yarn,4.9.1,4.9.1,exact_hit,TRANSITION,230.325542,243.87418739999998,,True,7,7,0,0,env:7a9cda66bc6b151a7886,real,PM-004,package_manager:yarn:berry:4.9.1:linux:x86_64,package_manager:yarn:berry:4.9.1:linux:x86_64
package_manager,bun,1.2.18,1.2.18,exact_hit,TRANSITION,3.225042,3.3744123999999998,,True,7,7,0,0,env:7a9cda66bc6b151a7886,real,PM-005,package_manager:bun:default:1.2.18:linux:x86_64,package_manager:bun:default:1.2.18:linux:x86_64
package_manager,bun,1.3.7,1.3.7,exact_hit,TRANSITION,3.448202,3.6213607,,True,7,7,0,0,env:7a9cda66bc6b151a7886,real,PM-005,package_manager:bun:default:1.3.7:linux:x86_64,package_manager:bun:default:1.3.7:linux:x86_64
package_manager,pnpm,cold,10.17.1,artifact_cold,TRANSITION,755.362826,814.3422167,,True,7,7,0,0,env:7a9cda66bc6b151a7886,real,PM-007,,package_manager:pnpm:default:10.17.1:linux:x86_64
package_manager,bun,1.2.18,1.2.18,exact_hit,TRANSITION,3.880628,5.215988299999999,,True,7,7,0,0,env:7a9cda66bc6b151a7886,real,PM-008,package_manager:bun:default:1.2.18:linux:x86_64,package_manager:bun:default:1.2.18:linux:x86_64
package_manager,bun,1.2.18,1.3.7,incompatible_switch,TRANSITION,3.663458,4.477927299999999,dependency_view;pm_native_cache,True,7,7,0,0,env:7a9cda66bc6b151a7886,real,PM-008,package_manager:bun:default:1.2.18:linux:x86_64,package_manager:bun:default:1.3.7:linux:x86_64
package_manager,bun,1.3.7,1.2.18,incompatible_switch,TRANSITION,3.688146,5.698724599999999,dependency_view;pm_native_cache,True,7,7,0,0,env:7a9cda66bc6b151a7886,real,PM-008,package_manager:bun:default:1.3.7:linux:x86_64,package_manager:bun:default:1.2.18:linux:x86_64
package_manager,bun,1.3.7,1.3.7,exact_hit,TRANSITION,4.061634,6.255099999999998,,True,7,7,0,0,env:7a9cda66bc6b151a7886,real,PM-008,package_manager:bun:default:1.3.7:linux:x86_64,package_manager:bun:default:1.3.7:linux:x86_64
package_manager,npm,10.9.8,10.9.8,exact_hit,TRANSITION,134.137898,135.4927492,,True,7,7,0,0,env:7a9cda66bc6b151a7886,real,PM-008,package_manager:npm:default:10.9.8:linux:x86_64,package_manager:npm:default:10.9.8:linux:x86_64
package_manager,pnpm,10.17.1,10.17.1,exact_hit,TRANSITION,400.036911,425.41252369999995,,True,7,7,0,0,env:7a9cda66bc6b151a7886,real,PM-008,package_manager:pnpm:default:10.17.1:linux:x86_64,package_manager:pnpm:default:10.17.1:linux:x86_64
package_manager,pnpm,10.17.1,10.27.0,incompatible_switch,TRANSITION,360.155646,368.2084641,dependency_view;pm_native_cache,True,7,7,0,0,env:7a9cda66bc6b151a7886,real,PM-008,package_manager:pnpm:default:10.17.1:linux:x86_64,package_manager:pnpm:default:10.27.0:linux:x86_64
package_manager,pnpm,10.17.1,10.28.2,incompatible_switch,TRANSITION,375.131311,403.3737435,dependency_view;pm_native_cache,True,7,7,0,0,env:7a9cda66bc6b151a7886,real,PM-008,package_manager:pnpm:default:10.17.1:linux:x86_64,package_manager:pnpm:default:10.28.2:linux:x86_64
package_manager,pnpm,10.17.1,10.34.5,incompatible_switch,TRANSITION,452.924729,461.7392024,dependency_view;pm_native_cache,True,7,7,0,0,env:7a9cda66bc6b151a7886,real,PM-008,package_manager:pnpm:default:10.17.1:linux:x86_64,package_manager:pnpm:default:10.34.5:linux:x86_64
package_manager,pnpm,10.17.1,10.4.0,incompatible_switch,TRANSITION,351.559969,359.1568163,dependency_view;pm_native_cache,True,7,7,0,0,env:7a9cda66bc6b151a7886,real,PM-008,package_manager:pnpm:default:10.17.1:linux:x86_64,package_manager:pnpm:default:10.4.0:linux:x86_64
package_manager,pnpm,10.17.1,11.24.0,incompatible_switch,TRANSITION,590.377956,623.1361792,dependency_view;pm_native_cache,True,7,7,0,0,env:7a9cda66bc6b151a7886,real,PM-008,package_manager:pnpm:default:10.17.1:linux:x86_64,package_manager:pnpm:default:11.24.0:linux:x86_64
package_manager,pnpm,10.17.1,9.12.2,incompatible_switch,TRANSITION,377.538483,412.72899429999995,dependency_view;pm_native_cache,True,7,7,0,0,env:7a9cda66bc6b151a7886,real,PM-008,package_manager:pnpm:default:10.17.1:linux:x86_64,package_manager:pnpm:default:9.12.2:linux:x86_64
package_manager,pnpm,10.17.1,9.15.0,incompatible_switch,TRANSITION,348.812518,449.0460139999999,dependency_view;pm_native_cache,True,7,7,0,0,env:7a9cda66bc6b151a7886,real,PM-008,package_manager:pnpm:default:10.17.1:linux:x86_64,package_manager:pnpm:default:9.15.0:linux:x86_64
package_manager,pnpm,10.17.1,9.15.4,incompatible_switch,TRANSITION,348.471807,350.32584,dependency_view;pm_native_cache,True,7,7,0,0,env:7a9cda66bc6b151a7886,real,PM-008,package_manager:pnpm:default:10.17.1:linux:x86_64,package_manager:pnpm:default:9.15.4:linux:x86_64
package_manager,pnpm,10.17.1,9.15.5,incompatible_switch,TRANSITION,359.876485,372.1984873,dependency_view;pm_native_cache,True,7,7,0,0,env:7a9cda66bc6b151a7886,real,PM-008,package_manager:pnpm:default:10.17.1:linux:x86_64,package_manager:pnpm:default:9.15.5:linux:x86_64
package_manager,pnpm,10.17.1,9.4.0,incompatible_switch,TRANSITION,265.566363,288.0092292,dependency_view;pm_native_cache,True,7,7,0,0,env:7a9cda66bc6b151a7886,real,PM-008,package_manager:pnpm:default:10.17.1:linux:x86_64,package_manager:pnpm:default:9.4.0:linux:x86_64
package_manager,pnpm,10.27.0,10.17.1,incompatible_switch,TRANSITION,396.403366,413.4920958,dependency_view;pm_native_cache,True,7,7,0,0,env:7a9cda66bc6b151a7886,real,PM-008,package_manager:pnpm:default:10.27.0:linux:x86_64,package_manager:pnpm:default:10.17.1:linux:x86_64
package_manager,pnpm,10.27.0,10.27.0,exact_hit,TRANSITION,346.702405,372.459658,,True,7,7,0,0,env:7a9cda66bc6b151a7886,real,PM-008,package_manager:pnpm:default:10.27.0:linux:x86_64,package_manager:pnpm:default:10.27.0:linux:x86_64
package_manager,pnpm,10.27.0,10.28.2,incompatible_switch,TRANSITION,354.5771,382.6449484,dependency_view;pm_native_cache,True,7,7,0,0,env:7a9cda66bc6b151a7886,real,PM-008,package_manager:pnpm:default:10.27.0:linux:x86_64,package_manager:pnpm:default:10.28.2:linux:x86_64
package_manager,pnpm,10.27.0,10.34.5,incompatible_switch,TRANSITION,460.213326,464.8304147,dependency_view;pm_native_cache,True,7,7,0,0,env:7a9cda66bc6b151a7886,real,PM-008,package_manager:pnpm:default:10.27.0:linux:x86_64,package_manager:pnpm:default:10.34.5:linux:x86_64
package_manager,pnpm,10.27.0,10.4.0,incompatible_switch,TRANSITION,348.33235,370.5651084,dependency_view;pm_native_cache,True,7,7,0,0,env:7a9cda66bc6b151a7886,real,PM-008,package_manager:pnpm:default:10.27.0:linux:x86_64,package_manager:pnpm:default:10.4.0:linux:x86_64
package_manager,pnpm,10.27.0,11.24.0,incompatible_switch,TRANSITION,572.828954,590.4827386999999,dependency_view;pm_native_cache,True,7,7,0,0,env:7a9cda66bc6b151a7886,real,PM-008,package_manager:pnpm:default:10.27.0:linux:x86_64,package_manager:pnpm:default:11.24.0:linux:x86_64
package_manager,pnpm,10.27.0,9.12.2,incompatible_switch,TRANSITION,352.080897,428.18431889999994,dependency_view;pm_native_cache,True,7,7,0,0,env:7a9cda66bc6b151a7886,real,PM-008,package_manager:pnpm:default:10.27.0:linux:x86_64,package_manager:pnpm:default:9.12.2:linux:x86_64
package_manager,pnpm,10.27.0,9.15.0,incompatible_switch,TRANSITION,348.491562,424.46740059999996,dependency_view;pm_native_cache,True,7,7,0,0,env:7a9cda66bc6b151a7886,real,PM-008,package_manager:pnpm:default:10.27.0:linux:x86_64,package_manager:pnpm:default:9.15.0:linux:x86_64
package_manager,pnpm,10.27.0,9.15.4,incompatible_switch,TRANSITION,358.177261,385.7293588,dependency_view;pm_native_cache,True,7,7,0,0,env:7a9cda66bc6b151a7886,real,PM-008,package_manager:pnpm:default:10.27.0:linux:x86_64,package_manager:pnpm:default:9.15.4:linux:x86_64
package_manager,pnpm,10.27.0,9.15.5,incompatible_switch,TRANSITION,352.749893,400.2627476,dependency_view;pm_native_cache,True,7,7,0,0,env:7a9cda66bc6b151a7886,real,PM-008,package_manager:pnpm:default:10.27.0:linux:x86_64,package_manager:pnpm:default:9.15.5:linux:x86_64
package_manager,pnpm,10.27.0,9.4.0,incompatible_switch,TRANSITION,249.175387,252.6629051,dependency_view;pm_native_cache,True,7,7,0,0,env:7a9cda66bc6b151a7886,real,PM-008,package_manager:pnpm:default:10.27.0:linux:x86_64,package_manager:pnpm:default:9.4.0:linux:x86_64
package_manager,pnpm,10.28.2,10.17.1,incompatible_switch,TRANSITION,362.722603,374.4248542,dependency_view;pm_native_cache,True,7,7,0,0,env:7a9cda66bc6b151a7886,real,PM-008,package_manager:pnpm:default:10.28.2:linux:x86_64,package_manager:pnpm:default:10.17.1:linux:x86_64
package_manager,pnpm,10.28.2,10.27.0,incompatible_switch,TRANSITION,349.704077,356.4871263,dependency_view;pm_native_cache,True,7,7,0,0,env:7a9cda66bc6b151a7886,real,PM-008,package_manager:pnpm:default:10.28.2:linux:x86_64,package_manager:pnpm:default:10.27.0:linux:x86_64
package_manager,pnpm,10.28.2,10.28.2,exact_hit,TRANSITION,339.240121,352.47778289999997,,True,7,7,0,0,env:7a9cda66bc6b151a7886,real,PM-008,package_manager:pnpm:default:10.28.2:linux:x86_64,package_manager:pnpm:default:10.28.2:linux:x86_64
package_manager,pnpm,10.28.2,10.34.5,incompatible_switch,TRANSITION,447.889365,467.203954,dependency_view;pm_native_cache,True,7,7,0,0,env:7a9cda66bc6b151a7886,real,PM-008,package_manager:pnpm:default:10.28.2:linux:x86_64,package_manager:pnpm:default:10.34.5:linux:x86_64
package_manager,pnpm,10.28.2,10.4.0,incompatible_switch,TRANSITION,363.274713,373.177955,dependency_view;pm_native_cache,True,7,7,0,0,env:7a9cda66bc6b151a7886,real,PM-008,package_manager:pnpm:default:10.28.2:linux:x86_64,package_manager:pnpm:default:10.4.0:linux:x86_64
package_manager,pnpm,10.28.2,11.24.0,incompatible_switch,TRANSITION,587.884574,616.0925765,dependency_view;pm_native_cache,True,7,7,0,0,env:7a9cda66bc6b151a7886,real,PM-008,package_manager:pnpm:default:10.28.2:linux:x86_64,package_manager:pnpm:default:11.24.0:linux:x86_64
package_manager,pnpm,10.28.2,9.12.2,incompatible_switch,TRANSITION,367.311011,447.886727,dependency_view;pm_native_cache,True,7,7,0,0,env:7a9cda66bc6b151a7886,real,PM-008,package_manager:pnpm:default:10.28.2:linux:x86_64,package_manager:pnpm:default:9.12.2:linux:x86_64
package_manager,pnpm,10.28.2,9.15.0,incompatible_switch,TRANSITION,349.254995,434.42742389999995,dependency_view;pm_native_cache,True,7,7,0,0,env:7a9cda66bc6b151a7886,real,PM-008,package_manager:pnpm:default:10.28.2:linux:x86_64,package_manager:pnpm:default:9.15.0:linux:x86_64
package_manager,pnpm,10.28.2,9.15.4,incompatible_switch,TRANSITION,388.077475,488.0801909,dependency_view;pm_native_cache,True,7,7,0,0,env:7a9cda66bc6b151a7886,real,PM-008,package_manager:pnpm:default:10.28.2:linux:x86_64,package_manager:pnpm:default:9.15.4:linux:x86_64
package_manager,pnpm,10.28.2,9.15.5,incompatible_switch,TRANSITION,407.080226,431.5592768,dependency_view;pm_native_cache,True,7,7,0,0,env:7a9cda66bc6b151a7886,real,PM-008,package_manager:pnpm:default:10.28.2:linux:x86_64,package_manager:pnpm:default:9.15.5:linux:x86_64
package_manager,pnpm,10.28.2,9.4.0,incompatible_switch,TRANSITION,247.709271,262.0298207,dependency_view;pm_native_cache,True,7,7,0,0,env:7a9cda66bc6b151a7886,real,PM-008,package_manager:pnpm:default:10.28.2:linux:x86_64,package_manager:pnpm:default:9.4.0:linux:x86_64
package_manager,pnpm,10.34.5,10.17.1,incompatible_switch,TRANSITION,368.466179,439.95095879999997,dependency_view;pm_native_cache,True,7,7,0,0,env:7a9cda66bc6b151a7886,real,PM-008,package_manager:pnpm:default:10.34.5:linux:x86_64,package_manager:pnpm:default:10.17.1:linux:x86_64
package_manager,pnpm,10.34.5,10.27.0,incompatible_switch,TRANSITION,364.463304,400.22682949999995,dependency_view;pm_native_cache,True,7,7,0,0,env:7a9cda66bc6b151a7886,real,PM-008,package_manager:pnpm:default:10.34.5:linux:x86_64,package_manager:pnpm:default:10.27.0:linux:x86_64
package_manager,pnpm,10.34.5,10.28.2,incompatible_switch,TRANSITION,370.587652,397.8507922,dependency_view;pm_native_cache,True,7,7,0,0,env:7a9cda66bc6b151a7886,real,PM-008,package_manager:pnpm:default:10.34.5:linux:x86_64,package_manager:pnpm:default:10.28.2:linux:x86_64
package_manager,pnpm,10.34.5,10.34.5,exact_hit,TRANSITION,498.544962,535.153634,,True,7,7,0,0,env:7a9cda66bc6b151a7886,real,PM-008,package_manager:pnpm:default:10.34.5:linux:x86_64,package_manager:pnpm:default:10.34.5:linux:x86_64
package_manager,pnpm,10.34.5,10.4.0,incompatible_switch,TRANSITION,352.924556,435.18203129999995,dependency_view;pm_native_cache,True,7,7,0,0,env:7a9cda66bc6b151a7886,real,PM-008,package_manager:pnpm:default:10.34.5:linux:x86_64,package_manager:pnpm:default:10.4.0:linux:x86_64
package_manager,pnpm,10.34.5,11.24.0,incompatible_switch,TRANSITION,600.308307,630.546823,dependency_view;pm_native_cache,True,7,7,0,0,env:7a9cda66bc6b151a7886,real,PM-008,package_manager:pnpm:default:10.34.5:linux:x86_64,package_manager:pnpm:default:11.24.0:linux:x86_64
package_manager,pnpm,10.34.5,9.12.2,incompatible_switch,TRANSITION,383.607984,453.7016341,dependency_view;pm_native_cache,True,7,7,0,0,env:7a9cda66bc6b151a7886,real,PM-008,package_manager:pnpm:default:10.34.5:linux:x86_64,package_manager:pnpm:default:9.12.2:linux:x86_64
package_manager,pnpm,10.34.5,9.15.0,incompatible_switch,TRANSITION,346.507246,417.17655679999996,dependency_view;pm_native_cache,True,7,7,0,0,env:7a9cda66bc6b151a7886,real,PM-008,package_manager:pnpm:default:10.34.5:linux:x86_64,package_manager:pnpm:default:9.15.0:linux:x86_64
package_manager,pnpm,10.34.5,9.15.4,incompatible_switch,TRANSITION,364.076205,394.1288535,dependency_view;pm_native_cache,True,7,7,0,0,env:7a9cda66bc6b151a7886,real,PM-008,package_manager:pnpm:default:10.34.5:linux:x86_64,package_manager:pnpm:default:9.15.4:linux:x86_64
package_manager,pnpm,10.34.5,9.15.5,incompatible_switch,TRANSITION,348.100505,438.7310415999999,dependency_view;pm_native_cache,True,7,7,0,0,env:7a9cda66bc6b151a7886,real,PM-008,package_manager:pnpm:default:10.34.5:linux:x86_64,package_manager:pnpm:default:9.15.5:linux:x86_64
package_manager,pnpm,10.34.5,9.4.0,incompatible_switch,TRANSITION,225.045429,235.4686106,dependency_view;pm_native_cache,True,7,7,0,0,env:7a9cda66bc6b151a7886,real,PM-008,package_manager:pnpm:default:10.34.5:linux:x86_64,package_manager:pnpm:default:9.4.0:linux:x86_64
package_manager,pnpm,10.4.0,10.17.1,incompatible_switch,TRANSITION,342.317931,397.9514107,dependency_view;pm_native_cache,True,7,7,0,0,env:7a9cda66bc6b151a7886,real,PM-008,package_manager:pnpm:default:10.4.0:linux:x86_64,package_manager:pnpm:default:10.17.1:linux:x86_64
package_manager,pnpm,10.4.0,10.27.0,incompatible_switch,TRANSITION,347.60546,350.7264492,dependency_view;pm_native_cache,True,7,7,0,0,env:7a9cda66bc6b151a7886,real,PM-008,package_manager:pnpm:default:10.4.0:linux:x86_64,package_manager:pnpm:default:10.27.0:linux:x86_64
package_manager,pnpm,10.4.0,10.28.2,incompatible_switch,TRANSITION,345.703501,350.9897752,dependency_view;pm_native_cache,True,7,7,0,0,env:7a9cda66bc6b151a7886,real,PM-008,package_manager:pnpm:default:10.4.0:linux:x86_64,package_manager:pnpm:default:10.28.2:linux:x86_64
package_manager,pnpm,10.4.0,10.34.5,incompatible_switch,TRANSITION,518.349871,527.6914562,dependency_view;pm_native_cache,True,7,7,0,0,env:7a9cda66bc6b151a7886,real,PM-008,package_manager:pnpm:default:10.4.0:linux:x86_64,package_manager:pnpm:default:10.34.5:linux:x86_64
package_manager,pnpm,10.4.0,10.4.0,exact_hit,TRANSITION,422.691998,597.3671308999999,,True,7,7,0,0,env:7a9cda66bc6b151a7886,real,PM-008,package_manager:pnpm:default:10.4.0:linux:x86_64,package_manager:pnpm:default:10.4.0:linux:x86_64
package_manager,pnpm,10.4.0,11.24.0,incompatible_switch,TRANSITION,656.411602,692.6397382,dependency_view;pm_native_cache,True,7,7,0,0,env:7a9cda66bc6b151a7886,real,PM-008,package_manager:pnpm:default:10.4.0:linux:x86_64,package_manager:pnpm:default:11.24.0:linux:x86_64
package_manager,pnpm,10.4.0,9.12.2,incompatible_switch,TRANSITION,378.525703,462.05588489999997,dependency_view;pm_native_cache,True,7,7,0,0,env:7a9cda66bc6b151a7886,real,PM-008,package_manager:pnpm:default:10.4.0:linux:x86_64,package_manager:pnpm:default:9.12.2:linux:x86_64
package_manager,pnpm,10.4.0,9.15.0,incompatible_switch,TRANSITION,343.52613,494.0201573,dependency_view;pm_native_cache,True,7,7,0,0,env:7a9cda66bc6b151a7886,real,PM-008,package_manager:pnpm:default:10.4.0:linux:x86_64,package_manager:pnpm:default:9.15.0:linux:x86_64
package_manager,pnpm,10.4.0,9.15.4,incompatible_switch,TRANSITION,424.787253,434.3118222,dependency_view;pm_native_cache,True,7,7,0,0,env:7a9cda66bc6b151a7886,real,PM-008,package_manager:pnpm:default:10.4.0:linux:x86_64,package_manager:pnpm:default:9.15.4:linux:x86_64
package_manager,pnpm,10.4.0,9.15.5,incompatible_switch,TRANSITION,388.728185,439.7893322,dependency_view;pm_native_cache,True,7,7,0,0,env:7a9cda66bc6b151a7886,real,PM-008,package_manager:pnpm:default:10.4.0:linux:x86_64,package_manager:pnpm:default:9.15.5:linux:x86_64
package_manager,pnpm,10.4.0,9.4.0,incompatible_switch,TRANSITION,262.891685,271.9422846,dependency_view;pm_native_cache,True,7,7,0,0,env:7a9cda66bc6b151a7886,real,PM-008,package_manager:pnpm:default:10.4.0:linux:x86_64,package_manager:pnpm:default:9.4.0:linux:x86_64
package_manager,pnpm,11.24.0,10.17.1,incompatible_switch,TRANSITION,367.574358,396.58496,dependency_view;pm_native_cache,True,7,7,0,0,env:7a9cda66bc6b151a7886,real,PM-008,package_manager:pnpm:default:11.24.0:linux:x86_64,package_manager:pnpm:default:10.17.1:linux:x86_64
package_manager,pnpm,11.24.0,10.27.0,incompatible_switch,TRANSITION,374.818101,413.2444403,dependency_view;pm_native_cache,True,7,7,0,0,env:7a9cda66bc6b151a7886,real,PM-008,package_manager:pnpm:default:11.24.0:linux:x86_64,package_manager:pnpm:default:10.27.0:linux:x86_64
package_manager,pnpm,11.24.0,10.28.2,incompatible_switch,TRANSITION,380.473261,398.7386683,dependency_view;pm_native_cache,True,7,7,0,0,env:7a9cda66bc6b151a7886,real,PM-008,package_manager:pnpm:default:11.24.0:linux:x86_64,package_manager:pnpm:default:10.28.2:linux:x86_64
package_manager,pnpm,11.24.0,10.34.5,incompatible_switch,TRANSITION,379.634798,403.6143793,dependency_view;pm_native_cache,True,7,7,0,0,env:7a9cda66bc6b151a7886,real,PM-008,package_manager:pnpm:default:11.24.0:linux:x86_64,package_manager:pnpm:default:10.34.5:linux:x86_64
package_manager,pnpm,11.24.0,10.4.0,incompatible_switch,TRANSITION,373.119673,436.24263169999995,dependency_view;pm_native_cache,True,7,7,0,0,env:7a9cda66bc6b151a7886,real,PM-008,package_manager:pnpm:default:11.24.0:linux:x86_64,package_manager:pnpm:default:10.4.0:linux:x86_64
package_manager,pnpm,11.24.0,11.24.0,exact_hit,TRANSITION,612.664481,640.6553355,,True,7,7,0,0,env:7a9cda66bc6b151a7886,real,PM-008,package_manager:pnpm:default:11.24.0:linux:x86_64,package_manager:pnpm:default:11.24.0:linux:x86_64
package_manager,pnpm,11.24.0,9.12.2,incompatible_switch,TRANSITION,427.108393,485.75298439999995,dependency_view;pm_native_cache,True,7,7,0,0,env:7a9cda66bc6b151a7886,real,PM-008,package_manager:pnpm:default:11.24.0:linux:x86_64,package_manager:pnpm:default:9.12.2:linux:x86_64
package_manager,pnpm,11.24.0,9.15.0,incompatible_switch,TRANSITION,396.315718,409.8162347,dependency_view;pm_native_cache,True,7,7,0,0,env:7a9cda66bc6b151a7886,real,PM-008,package_manager:pnpm:default:11.24.0:linux:x86_64,package_manager:pnpm:default:9.15.0:linux:x86_64
package_manager,pnpm,11.24.0,9.15.4,incompatible_switch,TRANSITION,384.425322,451.7042080999999,dependency_view;pm_native_cache,True,7,7,0,0,env:7a9cda66bc6b151a7886,real,PM-008,package_manager:pnpm:default:11.24.0:linux:x86_64,package_manager:pnpm:default:9.15.4:linux:x86_64
package_manager,pnpm,11.24.0,9.15.5,incompatible_switch,TRANSITION,379.984994,399.68170330000004,dependency_view;pm_native_cache,True,7,7,0,0,env:7a9cda66bc6b151a7886,real,PM-008,package_manager:pnpm:default:11.24.0:linux:x86_64,package_manager:pnpm:default:9.15.5:linux:x86_64
package_manager,pnpm,11.24.0,9.4.0,incompatible_switch,TRANSITION,260.604716,279.086571,dependency_view;pm_native_cache,True,7,7,0,0,env:7a9cda66bc6b151a7886,real,PM-008,package_manager:pnpm:default:11.24.0:linux:x86_64,package_manager:pnpm:default:9.4.0:linux:x86_64
package_manager,pnpm,9.12.2,10.17.1,incompatible_switch,TRANSITION,370.138981,397.4199132,dependency_view;pm_native_cache,True,7,7,0,0,env:7a9cda66bc6b151a7886,real,PM-008,package_manager:pnpm:default:9.12.2:linux:x86_64,package_manager:pnpm:default:10.17.1:linux:x86_64
package_manager,pnpm,9.12.2,10.27.0,incompatible_switch,TRANSITION,374.220537,389.008646,dependency_view;pm_native_cache,True,7,7,0,0,env:7a9cda66bc6b151a7886,real,PM-008,package_manager:pnpm:default:9.12.2:linux:x86_64,package_manager:pnpm:default:10.27.0:linux:x86_64
package_manager,pnpm,9.12.2,10.28.2,incompatible_switch,TRANSITION,384.326682,401.6845224,dependency_view;pm_native_cache,True,7,7,0,0,env:7a9cda66bc6b151a7886,real,PM-008,package_manager:pnpm:default:9.12.2:linux:x86_64,package_manager:pnpm:default:10.28.2:linux:x86_64
package_manager,pnpm,9.12.2,10.34.5,incompatible_switch,TRANSITION,388.743571,499.64868459999997,dependency_view;pm_native_cache,True,7,7,0,0,env:7a9cda66bc6b151a7886,real,PM-008,package_manager:pnpm:default:9.12.2:linux:x86_64,package_manager:pnpm:default:10.34.5:linux:x86_64
package_manager,pnpm,9.12.2,10.4.0,incompatible_switch,TRANSITION,360.819917,371.78785719999996,dependency_view;pm_native_cache,True,7,7,0,0,env:7a9cda66bc6b151a7886,real,PM-008,package_manager:pnpm:default:9.12.2:linux:x86_64,package_manager:pnpm:default:10.4.0:linux:x86_64
package_manager,pnpm,9.12.2,11.24.0,incompatible_switch,TRANSITION,565.319429,619.4528372,dependency_view;pm_native_cache,True,7,7,0,0,env:7a9cda66bc6b151a7886,real,PM-008,package_manager:pnpm:default:9.12.2:linux:x86_64,package_manager:pnpm:default:11.24.0:linux:x86_64
package_manager,pnpm,9.12.2,9.12.2,exact_hit,TRANSITION,489.19208,524.415846,,True,7,7,0,0,env:7a9cda66bc6b151a7886,real,PM-008,package_manager:pnpm:default:9.12.2:linux:x86_64,package_manager:pnpm:default:9.12.2:linux:x86_64
package_manager,pnpm,9.12.2,9.15.0,incompatible_switch,TRANSITION,405.065589,507.71927809999994,dependency_view;pm_native_cache,True,7,7,0,0,env:7a9cda66bc6b151a7886,real,PM-008,package_manager:pnpm:default:9.12.2:linux:x86_64,package_manager:pnpm:default:9.15.0:linux:x86_64
package_manager,pnpm,9.12.2,9.15.4,incompatible_switch,TRANSITION,352.963587,380.7513317,dependency_view;pm_native_cache,True,7,7,0,0,env:7a9cda66bc6b151a7886,real,PM-008,package_manager:pnpm:default:9.12.2:linux:x86_64,package_manager:pnpm:default:9.15.4:linux:x86_64
package_manager,pnpm,9.12.2,9.15.5,incompatible_switch,TRANSITION,414.090367,477.9186349,dependency_view;pm_native_cache,True,7,7,0,0,env:7a9cda66bc6b151a7886,real,PM-008,package_manager:pnpm:default:9.12.2:linux:x86_64,package_manager:pnpm:default:9.15.5:linux:x86_64
package_manager,pnpm,9.12.2,9.4.0,incompatible_switch,TRANSITION,237.968104,254.364296,dependency_view;pm_native_cache,True,7,7,0,0,env:7a9cda66bc6b151a7886,real,PM-008,package_manager:pnpm:default:9.12.2:linux:x86_64,package_manager:pnpm:default:9.4.0:linux:x86_64
package_manager,pnpm,9.15.0,10.17.1,incompatible_switch,TRANSITION,369.509058,377.9304611,dependency_view;pm_native_cache,True,7,7,0,0,env:7a9cda66bc6b151a7886,real,PM-008,package_manager:pnpm:default:9.15.0:linux:x86_64,package_manager:pnpm:default:10.17.1:linux:x86_64
package_manager,pnpm,9.15.0,10.27.0,incompatible_switch,TRANSITION,359.147872,395.53138429999996,dependency_view;pm_native_cache,True,7,7,0,0,env:7a9cda66bc6b151a7886,real,PM-008,package_manager:pnpm:default:9.15.0:linux:x86_64,package_manager:pnpm:default:10.27.0:linux:x86_64
package_manager,pnpm,9.15.0,10.28.2,incompatible_switch,TRANSITION,365.063371,395.94444799999997,dependency_view;pm_native_cache,True,7,7,0,0,env:7a9cda66bc6b151a7886,real,PM-008,package_manager:pnpm:default:9.15.0:linux:x86_64,package_manager:pnpm:default:10.28.2:linux:x86_64
package_manager,pnpm,9.15.0,10.34.5,incompatible_switch,TRANSITION,441.490734,471.07723280000005,dependency_view;pm_native_cache,True,7,7,0,0,env:7a9cda66bc6b151a7886,real,PM-008,package_manager:pnpm:default:9.15.0:linux:x86_64,package_manager:pnpm:default:10.34.5:linux:x86_64
package_manager,pnpm,9.15.0,10.4.0,incompatible_switch,TRANSITION,368.004176,381.0685633,dependency_view;pm_native_cache,True,7,7,0,0,env:7a9cda66bc6b151a7886,real,PM-008,package_manager:pnpm:default:9.15.0:linux:x86_64,package_manager:pnpm:default:10.4.0:linux:x86_64
package_manager,pnpm,9.15.0,11.24.0,incompatible_switch,TRANSITION,601.349605,635.7579755,dependency_view;pm_native_cache,True,7,7,0,0,env:7a9cda66bc6b151a7886,real,PM-008,package_manager:pnpm:default:9.15.0:linux:x86_64,package_manager:pnpm:default:11.24.0:linux:x86_64
package_manager,pnpm,9.15.0,9.12.2,incompatible_switch,TRANSITION,372.821338,453.40878619999995,dependency_view;pm_native_cache,True,7,7,0,0,env:7a9cda66bc6b151a7886,real,PM-008,package_manager:pnpm:default:9.15.0:linux:x86_64,package_manager:pnpm:default:9.12.2:linux:x86_64
package_manager,pnpm,9.15.0,9.15.0,exact_hit,TRANSITION,374.14796,447.39404749999994,,True,7,7,0,0,env:7a9cda66bc6b151a7886,real,PM-008,package_manager:pnpm:default:9.15.0:linux:x86_64,package_manager:pnpm:default:9.15.0:linux:x86_64
package_manager,pnpm,9.15.0,9.15.4,incompatible_switch,TRANSITION,393.639284,411.0948662,dependency_view;pm_native_cache,True,7,7,0,0,env:7a9cda66bc6b151a7886,real,PM-008,package_manager:pnpm:default:9.15.0:linux:x86_64,package_manager:pnpm:default:9.15.4:linux:x86_64
package_manager,pnpm,9.15.0,9.15.5,incompatible_switch,TRANSITION,372.685802,494.89277979999997,dependency_view;pm_native_cache,True,7,7,0,0,env:7a9cda66bc6b151a7886,real,PM-008,package_manager:pnpm:default:9.15.0:linux:x86_64,package_manager:pnpm:default:9.15.5:linux:x86_64
package_manager,pnpm,9.15.0,9.4.0,incompatible_switch,TRANSITION,245.957342,269.3385565,dependency_view;pm_native_cache,True,7,7,0,0,env:7a9cda66bc6b151a7886,real,PM-008,package_manager:pnpm:default:9.15.0:linux:x86_64,package_manager:pnpm:default:9.4.0:linux:x86_64
package_manager,pnpm,9.15.4,10.17.1,incompatible_switch,TRANSITION,384.087617,407.6203388,dependency_view;pm_native_cache,True,7,7,0,0,env:7a9cda66bc6b151a7886,real,PM-008,package_manager:pnpm:default:9.15.4:linux:x86_64,package_manager:pnpm:default:10.17.1:linux:x86_64
package_manager,pnpm,9.15.4,10.27.0,incompatible_switch,TRANSITION,367.409771,388.262172,dependency_view;pm_native_cache,True,7,7,0,0,env:7a9cda66bc6b151a7886,real,PM-008,package_manager:pnpm:default:9.15.4:linux:x86_64,package_manager:pnpm:default:10.27.0:linux:x86_64
package_manager,pnpm,9.15.4,10.28.2,incompatible_switch,TRANSITION,363.025624,376.8836323,dependency_view;pm_native_cache,True,7,7,0,0,env:7a9cda66bc6b151a7886,real,PM-008,package_manager:pnpm:default:9.15.4:linux:x86_64,package_manager:pnpm:default:10.28.2:linux:x86_64
package_manager,pnpm,9.15.4,10.34.5,incompatible_switch,TRANSITION,377.602496,504.84554049999997,dependency_view;pm_native_cache,True,7,7,0,0,env:7a9cda66bc6b151a7886,real,PM-008,package_manager:pnpm:default:9.15.4:linux:x86_64,package_manager:pnpm:default:10.34.5:linux:x86_64
package_manager,pnpm,9.15.4,10.4.0,incompatible_switch,TRANSITION,367.440407,387.6981755,dependency_view;pm_native_cache,True,7,7,0,0,env:7a9cda66bc6b151a7886,real,PM-008,package_manager:pnpm:default:9.15.4:linux:x86_64,package_manager:pnpm:default:10.4.0:linux:x86_64
package_manager,pnpm,9.15.4,11.24.0,incompatible_switch,TRANSITION,604.454751,633.989472,dependency_view;pm_native_cache,True,7,7,0,0,env:7a9cda66bc6b151a7886,real,PM-008,package_manager:pnpm:default:9.15.4:linux:x86_64,package_manager:pnpm:default:11.24.0:linux:x86_64
package_manager,pnpm,9.15.4,9.12.2,incompatible_switch,TRANSITION,480.601197,525.1020674,dependency_view;pm_native_cache,True,7,7,0,0,env:7a9cda66bc6b151a7886,real,PM-008,package_manager:pnpm:default:9.15.4:linux:x86_64,package_manager:pnpm:default:9.12.2:linux:x86_64
package_manager,pnpm,9.15.4,9.15.0,incompatible_switch,TRANSITION,343.355475,381.9703209,dependency_view;pm_native_cache,True,7,7,0,0,env:7a9cda66bc6b151a7886,real,PM-008,package_manager:pnpm:default:9.15.4:linux:x86_64,package_manager:pnpm:default:9.15.0:linux:x86_64
package_manager,pnpm,9.15.4,9.15.4,exact_hit,TRANSITION,372.182334,451.2213376,,True,7,7,0,0,env:7a9cda66bc6b151a7886,real,PM-008,package_manager:pnpm:default:9.15.4:linux:x86_64,package_manager:pnpm:default:9.15.4:linux:x86_64
package_manager,pnpm,9.15.4,9.15.5,incompatible_switch,TRANSITION,381.227726,436.31628319999993,dependency_view;pm_native_cache,True,7,7,0,0,env:7a9cda66bc6b151a7886,real,PM-008,package_manager:pnpm:default:9.15.4:linux:x86_64,package_manager:pnpm:default:9.15.5:linux:x86_64
package_manager,pnpm,9.15.4,9.4.0,incompatible_switch,TRANSITION,238.162512,247.9756764,dependency_view;pm_native_cache,True,7,7,0,0,env:7a9cda66bc6b151a7886,real,PM-008,package_manager:pnpm:default:9.15.4:linux:x86_64,package_manager:pnpm:default:9.4.0:linux:x86_64
package_manager,pnpm,9.15.5,10.17.1,incompatible_switch,TRANSITION,346.636298,361.6175297,dependency_view;pm_native_cache,True,7,7,0,0,env:7a9cda66bc6b151a7886,real,PM-008,package_manager:pnpm:default:9.15.5:linux:x86_64,package_manager:pnpm:default:10.17.1:linux:x86_64
package_manager,pnpm,9.15.5,10.27.0,incompatible_switch,TRANSITION,351.485233,364.643518,dependency_view;pm_native_cache,True,7,7,0,0,env:7a9cda66bc6b151a7886,real,PM-008,package_manager:pnpm:default:9.15.5:linux:x86_64,package_manager:pnpm:default:10.27.0:linux:x86_64
package_manager,pnpm,9.15.5,10.28.2,incompatible_switch,TRANSITION,344.103312,373.7589542,dependency_view;pm_native_cache,True,7,7,0,0,env:7a9cda66bc6b151a7886,real,PM-008,package_manager:pnpm:default:9.15.5:linux:x86_64,package_manager:pnpm:default:10.28.2:linux:x86_64
package_manager,pnpm,9.15.5,10.34.5,incompatible_switch,TRANSITION,448.847303,464.2205122,dependency_view;pm_native_cache,True,7,7,0,0,env:7a9cda66bc6b151a7886,real,PM-008,package_manager:pnpm:default:9.15.5:linux:x86_64,package_manager:pnpm:default:10.34.5:linux:x86_64
package_manager,pnpm,9.15.5,10.4.0,incompatible_switch,TRANSITION,348.85142,519.3189717999999,dependency_view;pm_native_cache,True,7,7,0,0,env:7a9cda66bc6b151a7886,real,PM-008,package_manager:pnpm:default:9.15.5:linux:x86_64,package_manager:pnpm:default:10.4.0:linux:x86_64
package_manager,pnpm,9.15.5,11.24.0,incompatible_switch,TRANSITION,582.726654,621.4158044999999,dependency_view;pm_native_cache,True,7,7,0,0,env:7a9cda66bc6b151a7886,real,PM-008,package_manager:pnpm:default:9.15.5:linux:x86_64,package_manager:pnpm:default:11.24.0:linux:x86_64
package_manager,pnpm,9.15.5,9.12.2,incompatible_switch,TRANSITION,372.184009,485.3407395,dependency_view;pm_native_cache,True,7,7,0,0,env:7a9cda66bc6b151a7886,real,PM-008,package_manager:pnpm:default:9.15.5:linux:x86_64,package_manager:pnpm:default:9.12.2:linux:x86_64
package_manager,pnpm,9.15.5,9.15.0,incompatible_switch,TRANSITION,359.64345,421.9097728,dependency_view;pm_native_cache,True,7,7,0,0,env:7a9cda66bc6b151a7886,real,PM-008,package_manager:pnpm:default:9.15.5:linux:x86_64,package_manager:pnpm:default:9.15.0:linux:x86_64
package_manager,pnpm,9.15.5,9.15.4,incompatible_switch,TRANSITION,385.440522,446.3697582,dependency_view;pm_native_cache,True,7,7,0,0,env:7a9cda66bc6b151a7886,real,PM-008,package_manager:pnpm:default:9.15.5:linux:x86_64,package_manager:pnpm:default:9.15.4:linux:x86_64
package_manager,pnpm,9.15.5,9.15.5,exact_hit,TRANSITION,349.877651,422.33757209999993,,True,7,7,0,0,env:7a9cda66bc6b151a7886,real,PM-008,package_manager:pnpm:default:9.15.5:linux:x86_64,package_manager:pnpm:default:9.15.5:linux:x86_64
package_manager,pnpm,9.15.5,9.4.0,incompatible_switch,TRANSITION,234.033377,245.87654379999998,dependency_view;pm_native_cache,True,7,7,0,0,env:7a9cda66bc6b151a7886,real,PM-008,package_manager:pnpm:default:9.15.5:linux:x86_64,package_manager:pnpm:default:9.4.0:linux:x86_64
package_manager,pnpm,9.4.0,10.17.1,incompatible_switch,TRANSITION,342.335904,350.0985951,dependency_view;pm_native_cache,True,7,7,0,0,env:7a9cda66bc6b151a7886,real,PM-008,package_manager:pnpm:default:9.4.0:linux:x86_64,package_manager:pnpm:default:10.17.1:linux:x86_64
package_manager,pnpm,9.4.0,10.27.0,incompatible_switch,TRANSITION,347.542337,361.4520531,dependency_view;pm_native_cache,True,7,7,0,0,env:7a9cda66bc6b151a7886,real,PM-008,package_manager:pnpm:default:9.4.0:linux:x86_64,package_manager:pnpm:default:10.27.0:linux:x86_64
package_manager,pnpm,9.4.0,10.28.2,incompatible_switch,TRANSITION,345.910551,351.1511539,dependency_view;pm_native_cache,True,7,7,0,0,env:7a9cda66bc6b151a7886,real,PM-008,package_manager:pnpm:default:9.4.0:linux:x86_64,package_manager:pnpm:default:10.28.2:linux:x86_64
package_manager,pnpm,9.4.0,10.34.5,incompatible_switch,TRANSITION,448.743411,467.8963558,dependency_view;pm_native_cache,True,7,7,0,0,env:7a9cda66bc6b151a7886,real,PM-008,package_manager:pnpm:default:9.4.0:linux:x86_64,package_manager:pnpm:default:10.34.5:linux:x86_64
package_manager,pnpm,9.4.0,10.4.0,incompatible_switch,TRANSITION,410.154428,506.3093314,dependency_view;pm_native_cache,True,7,7,0,0,env:7a9cda66bc6b151a7886,real,PM-008,package_manager:pnpm:default:9.4.0:linux:x86_64,package_manager:pnpm:default:10.4.0:linux:x86_64
package_manager,pnpm,9.4.0,11.24.0,incompatible_switch,TRANSITION,633.451729,676.8458814999999,dependency_view;pm_native_cache,True,7,7,0,0,env:7a9cda66bc6b151a7886,real,PM-008,package_manager:pnpm:default:9.4.0:linux:x86_64,package_manager:pnpm:default:11.24.0:linux:x86_64
package_manager,pnpm,9.4.0,9.12.2,incompatible_switch,TRANSITION,355.214591,448.43086489999996,dependency_view;pm_native_cache,True,7,7,0,0,env:7a9cda66bc6b151a7886,real,PM-008,package_manager:pnpm:default:9.4.0:linux:x86_64,package_manager:pnpm:default:9.12.2:linux:x86_64
package_manager,pnpm,9.4.0,9.15.0,incompatible_switch,TRANSITION,356.029049,424.29706519999996,dependency_view;pm_native_cache,True,7,7,0,0,env:7a9cda66bc6b151a7886,real,PM-008,package_manager:pnpm:default:9.4.0:linux:x86_64,package_manager:pnpm:default:9.15.0:linux:x86_64
package_manager,pnpm,9.4.0,9.15.4,incompatible_switch,TRANSITION,339.247407,372.25870269999996,dependency_view;pm_native_cache,True,7,7,0,0,env:7a9cda66bc6b151a7886,real,PM-008,package_manager:pnpm:default:9.4.0:linux:x86_64,package_manager:pnpm:default:9.15.4:linux:x86_64
package_manager,pnpm,9.4.0,9.15.5,incompatible_switch,TRANSITION,341.090171,374.6873706,dependency_view;pm_native_cache,True,7,7,0,0,env:7a9cda66bc6b151a7886,real,PM-008,package_manager:pnpm:default:9.4.0:linux:x86_64,package_manager:pnpm:default:9.15.5:linux:x86_64
package_manager,pnpm,9.4.0,9.4.0,exact_hit,TRANSITION,232.22683,244.5080427,,True,7,7,0,0,env:7a9cda66bc6b151a7886,real,PM-008,package_manager:pnpm:default:9.4.0:linux:x86_64,package_manager:pnpm:default:9.4.0:linux:x86_64
package_manager,yarn,3.2.3,3.2.3,exact_hit,TRANSITION,242.065129,263.6988831,,True,7,7,0,0,env:7a9cda66bc6b151a7886,real,PM-008,package_manager:yarn:berry:3.2.3:linux:x86_64,package_manager:yarn:berry:3.2.3:linux:x86_64
package_manager,yarn,3.2.3,3.8.7,incompatible_switch,TRANSITION,230.793661,334.071481,dependency_view;pm_native_cache,True,7,7,0,0,env:7a9cda66bc6b151a7886,real,PM-008,package_manager:yarn:berry:3.2.3:linux:x86_64,package_manager:yarn:berry:3.8.7:linux:x86_64
package_manager,yarn,3.2.3,4.0.2,incompatible_switch,TRANSITION,228.087738,301.23375079999994,dependency_view;pm_native_cache,True,7,7,0,0,env:7a9cda66bc6b151a7886,real,PM-008,package_manager:yarn:berry:3.2.3:linux:x86_64,package_manager:yarn:berry:4.0.2:linux:x86_64
package_manager,yarn,3.2.3,4.10.3,incompatible_switch,TRANSITION,232.542044,305.4590093999999,dependency_view;pm_native_cache,True,7,7,0,0,env:7a9cda66bc6b151a7886,real,PM-008,package_manager:yarn:berry:3.2.3:linux:x86_64,package_manager:yarn:berry:4.10.3:linux:x86_64
package_manager,yarn,3.2.3,4.12.0,incompatible_switch,TRANSITION,227.093073,248.3415125,dependency_view;pm_native_cache,True,7,7,0,0,env:7a9cda66bc6b151a7886,real,PM-008,package_manager:yarn:berry:3.2.3:linux:x86_64,package_manager:yarn:berry:4.12.0:linux:x86_64
package_manager,yarn,3.2.3,4.9.1,incompatible_switch,TRANSITION,238.236729,250.6061774,dependency_view;pm_native_cache,True,7,7,0,0,env:7a9cda66bc6b151a7886,real,PM-008,package_manager:yarn:berry:3.2.3:linux:x86_64,package_manager:yarn:berry:4.9.1:linux:x86_64
package_manager,yarn,3.2.3,1.22.21,incompatible_switch,TRANSITION,225.986649,238.99293839999999,dependency_view;pm_native_cache,True,7,7,0,0,env:7a9cda66bc6b151a7886,real,PM-008,package_manager:yarn:berry:3.2.3:linux:x86_64,package_manager:yarn:classic:1.22.21:linux:x86_64
package_manager,yarn,3.2.3,1.22.22,incompatible_switch,TRANSITION,254.558528,273.5395405,dependency_view;pm_native_cache,True,7,7,0,0,env:7a9cda66bc6b151a7886,real,PM-008,package_manager:yarn:berry:3.2.3:linux:x86_64,package_manager:yarn:classic:1.22.22:linux:x86_64
package_manager,yarn,3.8.7,3.2.3,incompatible_switch,TRANSITION,376.89945,391.86641050000003,dependency_view;pm_native_cache,True,7,7,0,0,env:7a9cda66bc6b151a7886,real,PM-008,package_manager:yarn:berry:3.8.7:linux:x86_64,package_manager:yarn:berry:3.2.3:linux:x86_64
package_manager,yarn,3.8.7,3.8.7,exact_hit,TRANSITION,274.413188,376.0415615,,True,7,7,0,0,env:7a9cda66bc6b151a7886,real,PM-008,package_manager:yarn:berry:3.8.7:linux:x86_64,package_manager:yarn:berry:3.8.7:linux:x86_64
package_manager,yarn,3.8.7,4.0.2,incompatible_switch,TRANSITION,266.267098,350.1493978,dependency_view;pm_native_cache,True,7,7,0,0,env:7a9cda66bc6b151a7886,real,PM-008,package_manager:yarn:berry:3.8.7:linux:x86_64,package_manager:yarn:berry:4.0.2:linux:x86_64
package_manager,yarn,3.8.7,4.10.3,incompatible_switch,TRANSITION,265.713976,349.2372707999999,dependency_view;pm_native_cache,True,7,7,0,0,env:7a9cda66bc6b151a7886,real,PM-008,package_manager:yarn:berry:3.8.7:linux:x86_64,package_manager:yarn:berry:4.10.3:linux:x86_64
package_manager,yarn,3.8.7,4.12.0,incompatible_switch,TRANSITION,269.444776,360.875278,dependency_view;pm_native_cache,True,7,7,0,0,env:7a9cda66bc6b151a7886,real,PM-008,package_manager:yarn:berry:3.8.7:linux:x86_64,package_manager:yarn:berry:4.12.0:linux:x86_64
package_manager,yarn,3.8.7,4.9.1,incompatible_switch,TRANSITION,335.659747,384.9189742,dependency_view;pm_native_cache,True,7,7,0,0,env:7a9cda66bc6b151a7886,real,PM-008,package_manager:yarn:berry:3.8.7:linux:x86_64,package_manager:yarn:berry:4.9.1:linux:x86_64
package_manager,yarn,3.8.7,1.22.21,incompatible_switch,TRANSITION,237.898551,250.6902544,dependency_view;pm_native_cache,True,7,7,0,0,env:7a9cda66bc6b151a7886,real,PM-008,package_manager:yarn:berry:3.8.7:linux:x86_64,package_manager:yarn:classic:1.22.21:linux:x86_64
package_manager,yarn,3.8.7,1.22.22,incompatible_switch,TRANSITION,234.358726,248.7505124,dependency_view;pm_native_cache,True,7,7,0,0,env:7a9cda66bc6b151a7886,real,PM-008,package_manager:yarn:berry:3.8.7:linux:x86_64,package_manager:yarn:classic:1.22.22:linux:x86_64
package_manager,yarn,4.0.2,3.2.3,incompatible_switch,TRANSITION,246.28743,331.3698255,dependency_view;pm_native_cache,True,7,7,0,0,env:7a9cda66bc6b151a7886,real,PM-008,package_manager:yarn:berry:4.0.2:linux:x86_64,package_manager:yarn:berry:3.2.3:linux:x86_64
package_manager,yarn,4.0.2,3.8.7,incompatible_switch,TRANSITION,245.97425,335.13202240000004,dependency_view;pm_native_cache,True,7,7,0,0,env:7a9cda66bc6b151a7886,real,PM-008,package_manager:yarn:berry:4.0.2:linux:x86_64,package_manager:yarn:berry:3.8.7:linux:x86_64
package_manager,yarn,4.0.2,4.0.2,exact_hit,TRANSITION,227.536539,253.962916,,True,7,7,0,0,env:7a9cda66bc6b151a7886,real,PM-008,package_manager:yarn:berry:4.0.2:linux:x86_64,package_manager:yarn:berry:4.0.2:linux:x86_64
package_manager,yarn,4.0.2,4.10.3,incompatible_switch,TRANSITION,242.285535,335.38851669999997,dependency_view;pm_native_cache,True,7,7,0,0,env:7a9cda66bc6b151a7886,real,PM-008,package_manager:yarn:berry:4.0.2:linux:x86_64,package_manager:yarn:berry:4.10.3:linux:x86_64
package_manager,yarn,4.0.2,4.12.0,incompatible_switch,TRANSITION,234.142472,308.25618469999995,dependency_view;pm_native_cache,True,7,7,0,0,env:7a9cda66bc6b151a7886,real,PM-008,package_manager:yarn:berry:4.0.2:linux:x86_64,package_manager:yarn:berry:4.12.0:linux:x86_64
package_manager,yarn,4.0.2,4.9.1,incompatible_switch,TRANSITION,240.678434,246.0459208,dependency_view;pm_native_cache,True,7,7,0,0,env:7a9cda66bc6b151a7886,real,PM-008,package_manager:yarn:berry:4.0.2:linux:x86_64,package_manager:yarn:berry:4.9.1:linux:x86_64
package_manager,yarn,4.0.2,1.22.21,incompatible_switch,TRANSITION,234.277951,246.2592354,dependency_view;pm_native_cache,True,7,7,0,0,env:7a9cda66bc6b151a7886,real,PM-008,package_manager:yarn:berry:4.0.2:linux:x86_64,package_manager:yarn:classic:1.22.21:linux:x86_64
package_manager,yarn,4.0.2,1.22.22,incompatible_switch,TRANSITION,229.310671,253.9183563,dependency_view;pm_native_cache,True,7,7,0,0,env:7a9cda66bc6b151a7886,real,PM-008,package_manager:yarn:berry:4.0.2:linux:x86_64,package_manager:yarn:classic:1.22.22:linux:x86_64
package_manager,yarn,4.10.3,3.2.3,incompatible_switch,TRANSITION,232.524398,242.50584800000001,dependency_view;pm_native_cache,True,7,7,0,0,env:7a9cda66bc6b151a7886,real,PM-008,package_manager:yarn:berry:4.10.3:linux:x86_64,package_manager:yarn:berry:3.2.3:linux:x86_64
package_manager,yarn,4.10.3,3.8.7,incompatible_switch,TRANSITION,236.11063,305.91138019999994,dependency_view;pm_native_cache,True,7,7,0,0,env:7a9cda66bc6b151a7886,real,PM-008,package_manager:yarn:berry:4.10.3:linux:x86_64,package_manager:yarn:berry:3.8.7:linux:x86_64
package_manager,yarn,4.10.3,4.0.2,incompatible_switch,TRANSITION,236.99748,242.1526647,dependency_view;pm_native_cache,True,7,7,0,0,env:7a9cda66bc6b151a7886,real,PM-008,package_manager:yarn:berry:4.10.3:linux:x86_64,package_manager:yarn:berry:4.0.2:linux:x86_64
package_manager,yarn,4.10.3,4.10.3,exact_hit,TRANSITION,237.683227,340.3519915,,True,7,7,0,0,env:7a9cda66bc6b151a7886,real,PM-008,package_manager:yarn:berry:4.10.3:linux:x86_64,package_manager:yarn:berry:4.10.3:linux:x86_64
package_manager,yarn,4.10.3,4.12.0,incompatible_switch,TRANSITION,265.008145,348.16904739999995,dependency_view;pm_native_cache,True,7,7,0,0,env:7a9cda66bc6b151a7886,real,PM-008,package_manager:yarn:berry:4.10.3:linux:x86_64,package_manager:yarn:berry:4.12.0:linux:x86_64
package_manager,yarn,4.10.3,4.9.1,incompatible_switch,TRANSITION,366.606112,392.14308289999997,dependency_view;pm_native_cache,True,7,7,0,0,env:7a9cda66bc6b151a7886,real,PM-008,package_manager:yarn:berry:4.10.3:linux:x86_64,package_manager:yarn:berry:4.9.1:linux:x86_64
package_manager,yarn,4.10.3,1.22.21,incompatible_switch,TRANSITION,256.859382,259.0640143,dependency_view;pm_native_cache,True,7,7,0,0,env:7a9cda66bc6b151a7886,real,PM-008,package_manager:yarn:berry:4.10.3:linux:x86_64,package_manager:yarn:classic:1.22.21:linux:x86_64
package_manager,yarn,4.10.3,1.22.22,incompatible_switch,TRANSITION,230.700383,238.90624010000002,dependency_view;pm_native_cache,True,7,7,0,0,env:7a9cda66bc6b151a7886,real,PM-008,package_manager:yarn:berry:4.10.3:linux:x86_64,package_manager:yarn:classic:1.22.22:linux:x86_64
package_manager,yarn,4.12.0,3.2.3,incompatible_switch,TRANSITION,237.296494,340.56944350000003,dependency_view;pm_native_cache,True,7,7,0,0,env:7a9cda66bc6b151a7886,real,PM-008,package_manager:yarn:berry:4.12.0:linux:x86_64,package_manager:yarn:berry:3.2.3:linux:x86_64
package_manager,yarn,4.12.0,3.8.7,incompatible_switch,TRANSITION,227.060261,240.1176054,dependency_view;pm_native_cache,True,7,7,0,0,env:7a9cda66bc6b151a7886,real,PM-008,package_manager:yarn:berry:4.12.0:linux:x86_64,package_manager:yarn:berry:3.8.7:linux:x86_64
package_manager,yarn,4.12.0,4.0.2,incompatible_switch,TRANSITION,232.354822,239.3822285,dependency_view;pm_native_cache,True,7,7,0,0,env:7a9cda66bc6b151a7886,real,PM-008,package_manager:yarn:berry:4.12.0:linux:x86_64,package_manager:yarn:berry:4.0.2:linux:x86_64
package_manager,yarn,4.12.0,4.10.3,incompatible_switch,TRANSITION,237.125027,321.42464549999994,dependency_view;pm_native_cache,True,7,7,0,0,env:7a9cda66bc6b151a7886,real,PM-008,package_manager:yarn:berry:4.12.0:linux:x86_64,package_manager:yarn:berry:4.10.3:linux:x86_64
package_manager,yarn,4.12.0,4.12.0,exact_hit,TRANSITION,232.727319,261.155529,,True,7,7,0,0,env:7a9cda66bc6b151a7886,real,PM-008,package_manager:yarn:berry:4.12.0:linux:x86_64,package_manager:yarn:berry:4.12.0:linux:x86_64
package_manager,yarn,4.12.0,4.9.1,incompatible_switch,TRANSITION,233.398064,304.26462939999993,dependency_view;pm_native_cache,True,7,7,0,0,env:7a9cda66bc6b151a7886,real,PM-008,package_manager:yarn:berry:4.12.0:linux:x86_64,package_manager:yarn:berry:4.9.1:linux:x86_64
package_manager,yarn,4.12.0,1.22.21,incompatible_switch,TRANSITION,232.253507,237.45206190000002,dependency_view;pm_native_cache,True,7,7,0,0,env:7a9cda66bc6b151a7886,real,PM-008,package_manager:yarn:berry:4.12.0:linux:x86_64,package_manager:yarn:classic:1.22.21:linux:x86_64
package_manager,yarn,4.12.0,1.22.22,incompatible_switch,TRANSITION,233.266118,251.9607202,dependency_view;pm_native_cache,True,7,7,0,0,env:7a9cda66bc6b151a7886,real,PM-008,package_manager:yarn:berry:4.12.0:linux:x86_64,package_manager:yarn:classic:1.22.22:linux:x86_64
package_manager,yarn,4.9.1,3.2.3,incompatible_switch,TRANSITION,242.12697,323.26247409999996,dependency_view;pm_native_cache,True,7,7,0,0,env:7a9cda66bc6b151a7886,real,PM-008,package_manager:yarn:berry:4.9.1:linux:x86_64,package_manager:yarn:berry:3.2.3:linux:x86_64
package_manager,yarn,4.9.1,3.8.7,incompatible_switch,TRANSITION,239.047142,320.8873257999999,dependency_view;pm_native_cache,True,7,7,0,0,env:7a9cda66bc6b151a7886,real,PM-008,package_manager:yarn:berry:4.9.1:linux:x86_64,package_manager:yarn:berry:3.8.7:linux:x86_64
package_manager,yarn,4.9.1,4.0.2,incompatible_switch,TRANSITION,262.753626,279.3141071,dependency_view;pm_native_cache,True,7,7,0,0,env:7a9cda66bc6b151a7886,real,PM-008,package_manager:yarn:berry:4.9.1:linux:x86_64,package_manager:yarn:berry:4.0.2:linux:x86_64
package_manager,yarn,4.9.1,4.10.3,incompatible_switch,TRANSITION,241.901831,311.52901109999993,dependency_view;pm_native_cache,True,7,7,0,0,env:7a9cda66bc6b151a7886,real,PM-008,package_manager:yarn:berry:4.9.1:linux:x86_64,package_manager:yarn:berry:4.10.3:linux:x86_64
package_manager,yarn,4.9.1,4.12.0,incompatible_switch,TRANSITION,236.958357,306.0977669999999,dependency_view;pm_native_cache,True,7,7,0,0,env:7a9cda66bc6b151a7886,real,PM-008,package_manager:yarn:berry:4.9.1:linux:x86_64,package_manager:yarn:berry:4.12.0:linux:x86_64
package_manager,yarn,4.9.1,4.9.1,exact_hit,TRANSITION,264.195139,269.7867611,,True,7,7,0,0,env:7a9cda66bc6b151a7886,real,PM-008,package_manager:yarn:berry:4.9.1:linux:x86_64,package_manager:yarn:berry:4.9.1:linux:x86_64
package_manager,yarn,4.9.1,1.22.21,incompatible_switch,TRANSITION,236.358344,239.9789141,dependency_view;pm_native_cache,True,7,7,0,0,env:7a9cda66bc6b151a7886,real,PM-008,package_manager:yarn:berry:4.9.1:linux:x86_64,package_manager:yarn:classic:1.22.21:linux:x86_64
package_manager,yarn,4.9.1,1.22.22,incompatible_switch,TRANSITION,227.461843,242.54661959999999,dependency_view;pm_native_cache,True,7,7,0,0,env:7a9cda66bc6b151a7886,real,PM-008,package_manager:yarn:berry:4.9.1:linux:x86_64,package_manager:yarn:classic:1.22.22:linux:x86_64
package_manager,yarn,1.22.21,3.2.3,incompatible_switch,TRANSITION,243.007512,313.32142659999994,dependency_view;pm_native_cache,True,7,7,0,0,env:7a9cda66bc6b151a7886,real,PM-008,package_manager:yarn:classic:1.22.21:linux:x86_64,package_manager:yarn:berry:3.2.3:linux:x86_64
package_manager,yarn,1.22.21,3.8.7,incompatible_switch,TRANSITION,241.226772,346.8649832,dependency_view;pm_native_cache,True,7,7,0,0,env:7a9cda66bc6b151a7886,real,PM-008,package_manager:yarn:classic:1.22.21:linux:x86_64,package_manager:yarn:berry:3.8.7:linux:x86_64
package_manager,yarn,1.22.21,4.0.2,incompatible_switch,TRANSITION,233.591272,339.7040612,dependency_view;pm_native_cache,True,7,7,0,0,env:7a9cda66bc6b151a7886,real,PM-008,package_manager:yarn:classic:1.22.21:linux:x86_64,package_manager:yarn:berry:4.0.2:linux:x86_64
package_manager,yarn,1.22.21,4.10.3,incompatible_switch,TRANSITION,248.549618,336.6445176,dependency_view;pm_native_cache,True,7,7,0,0,env:7a9cda66bc6b151a7886,real,PM-008,package_manager:yarn:classic:1.22.21:linux:x86_64,package_manager:yarn:berry:4.10.3:linux:x86_64
package_manager,yarn,1.22.21,4.12.0,incompatible_switch,TRANSITION,234.029479,339.6968643,dependency_view;pm_native_cache,True,7,7,0,0,env:7a9cda66bc6b151a7886,real,PM-008,package_manager:yarn:classic:1.22.21:linux:x86_64,package_manager:yarn:berry:4.12.0:linux:x86_64
package_manager,yarn,1.22.21,4.9.1,incompatible_switch,TRANSITION,244.965983,335.67034789999997,dependency_view;pm_native_cache,True,7,7,0,0,env:7a9cda66bc6b151a7886,real,PM-008,package_manager:yarn:classic:1.22.21:linux:x86_64,package_manager:yarn:berry:4.9.1:linux:x86_64
package_manager,yarn,1.22.21,1.22.21,exact_hit,TRANSITION,231.063591,249.2999838,,True,7,7,0,0,env:7a9cda66bc6b151a7886,real,PM-008,package_manager:yarn:classic:1.22.21:linux:x86_64,package_manager:yarn:classic:1.22.21:linux:x86_64
package_manager,yarn,1.22.21,1.22.22,incompatible_switch,TRANSITION,223.67217,229.80733039999998,dependency_view;pm_native_cache,True,7,7,0,0,env:7a9cda66bc6b151a7886,real,PM-008,package_manager:yarn:classic:1.22.21:linux:x86_64,package_manager:yarn:classic:1.22.22:linux:x86_64
package_manager,yarn,1.22.22,3.2.3,incompatible_switch,TRANSITION,234.905636,347.5002949,dependency_view;pm_native_cache,True,7,7,0,0,env:7a9cda66bc6b151a7886,real,PM-008,package_manager:yarn:classic:1.22.22:linux:x86_64,package_manager:yarn:berry:3.2.3:linux:x86_64
package_manager,yarn,1.22.22,3.8.7,incompatible_switch,TRANSITION,263.735397,323.9168066,dependency_view;pm_native_cache,True,7,7,0,0,env:7a9cda66bc6b151a7886,real,PM-008,package_manager:yarn:classic:1.22.22:linux:x86_64,package_manager:yarn:berry:3.8.7:linux:x86_64
package_manager,yarn,1.22.22,4.0.2,incompatible_switch,TRANSITION,236.90547,263.49537669999995,dependency_view;pm_native_cache,True,7,7,0,0,env:7a9cda66bc6b151a7886,real,PM-008,package_manager:yarn:classic:1.22.22:linux:x86_64,package_manager:yarn:berry:4.0.2:linux:x86_64
package_manager,yarn,1.22.22,4.10.3,incompatible_switch,TRANSITION,232.225889,328.6841151999999,dependency_view;pm_native_cache,True,7,7,0,0,env:7a9cda66bc6b151a7886,real,PM-008,package_manager:yarn:classic:1.22.22:linux:x86_64,package_manager:yarn:berry:4.10.3:linux:x86_64
package_manager,yarn,1.22.22,4.12.0,incompatible_switch,TRANSITION,239.606106,324.65403339999995,dependency_view;pm_native_cache,True,7,7,0,0,env:7a9cda66bc6b151a7886,real,PM-008,package_manager:yarn:classic:1.22.22:linux:x86_64,package_manager:yarn:berry:4.12.0:linux:x86_64
package_manager,yarn,1.22.22,4.9.1,incompatible_switch,TRANSITION,230.102466,326.77528259999997,dependency_view;pm_native_cache,True,7,7,0,0,env:7a9cda66bc6b151a7886,real,PM-008,package_manager:yarn:classic:1.22.22:linux:x86_64,package_manager:yarn:berry:4.9.1:linux:x86_64
package_manager,yarn,1.22.22,1.22.21,incompatible_switch,TRANSITION,239.556787,244.9615938,dependency_view;pm_native_cache,True,7,7,0,0,env:7a9cda66bc6b151a7886,real,PM-008,package_manager:yarn:classic:1.22.22:linux:x86_64,package_manager:yarn:classic:1.22.21:linux:x86_64
package_manager,yarn,1.22.22,1.22.22,exact_hit,TRANSITION,240.115049,249.6553072,,True,7,7,0,0,env:7a9cda66bc6b151a7886,real,PM-008,package_manager:yarn:classic:1.22.22:linux:x86_64,package_manager:yarn:classic:1.22.22:linux:x86_64
package_manager,bun,cold,1.2.18,process_cold,TRANSITION,3.375764,3.841855699999999,,True,7,7,0,0,env:7a9cda66bc6b151a7886,real,RUN-005,,package_manager:bun:default:1.2.18:linux:x86_64
package_manager,bun,cold,1.3.7,process_cold,TRANSITION,3.364077,4.5006032,,True,7,7,0,0,env:7a9cda66bc6b151a7886,real,RUN-005,,package_manager:bun:default:1.3.7:linux:x86_64
